{"cameraMode":{"drawMode":0,"name":"Shaded","section":"Shading Mode"},"sceneLighting":false,"audioPlay":false,"sceneViewState":{"showFog":true,"showMaterialUpdate":false,"showSkybox":false,"showFlares":true,"showImageEffects":true,"showParticleSystems":true,"showVisualEffectGraphs":true,"m_FxEnabled":true},"in2DMode":false,"pivot":{"x":0.24065962433815003,"y":0.5424143075942993,"z":0.18482467532157899},"rotation":{"x":-0.5701925754547119,"y":-0.2623670995235443,"z":0.1987534463405609,"w":-0.7526890635490418},"size":0.4986072778701782,"orthographic":false}